time_ns,cycle_count,reset,enable,source_available,fault_clear,noise_mask,direct_sensors,directed_value,sensor_in,sensor_debounced,sensor_valid,pump_enable,flow_present,timer_busy,timer_done,dry_run_detected,protection_active,tank_level,test_passed,controller_state,timer_start,timer_cancel
0,0,1,1,1,0,00,0,00,xx,xx,xx,x,x,x,x,x,x,xxxxxxxxxxxxxxxxxxxxxxxxxxxxxxxx,0,xx,0,1
10,1,1,1,1,0,00,0,00,00,00,00,0,0,0,0,0,0,0,0,IDLE,0,0
40,2,0,1,1,0,00,0,00,00,00,00,0,0,0,0,0,0,0,0,IDLE,0,0
150,8,0,1,1,0,00,0,00,00,00,11,0,0,0,0,0,0,0,0,IDLE,1,0
170,9,0,1,1,0,00,0,00,00,00,11,1,1,1,0,0,0,0,0,WAIT_RESPONSE,0,0
230,12,0,1,1,0,00,0,00,00,00,11,1,1,1,0,0,0,10,0,WAIT_RESPONSE,0,0
330,17,0,1,1,0,00,0,00,00,00,11,1,1,1,0,0,0,20,0,WAIT_RESPONSE,0,0
430,22,0,1,1,0,00,0,00,01,00,11,1,1,1,0,0,0,30,0,WAIT_RESPONSE,0,0
530,27,0,1,1,0,00,0,00,01,00,11,1,1,1,0,0,0,40,0,WAIT_RESPONSE,0,0
550,28,0,1,1,0,00,0,00,01,01,11,1,1,1,0,0,0,40,0,WAIT_RESPONSE,0,1
570,29,0,1,1,0,00,0,00,01,01,11,1,1,0,0,0,0,40,0,FILLING,0,1
630,32,0,1,1,0,00,0,00,01,01,11,1,1,0,0,0,0,50,0,FILLING,0,1
730,37,0,1,1,0,00,0,00,01,01,11,1,1,0,0,0,0,60,0,FILLING,0,1
830,42,0,1,1,0,00,0,00,01,01,11,1,1,0,0,0,0,70,0,FILLING,0,1
930,47,0,1,1,0,00,0,00,01,01,11,1,1,0,0,0,0,80,0,FILLING,0,1
1030,52,0,1,1,0,00,0,00,11,01,11,1,1,0,0,0,0,90,0,FILLING,0,1
1130,57,0,1,1,0,00,0,00,11,01,11,1,1,0,0,0,0,100,0,FILLING,0,1
1150,58,0,1,1,0,00,0,00,11,11,11,1,1,0,0,0,0,100,0,FILLING,0,1
1170,59,0,1,1,0,00,0,00,11,11,11,0,0,0,0,0,0,100,0,IDLE,0,0
1260,63,0,1,1,0,11,0,00,00,11,11,0,0,0,0,0,0,100,0,IDLE,0,0
1300,65,0,1,1,0,00,0,00,11,11,11,0,0,0,0,0,0,100,0,IDLE,0,0
1530,77,0,1,1,0,00,0,00,11,11,11,0,0,0,0,0,0,98,0,IDLE,0,0
1630,82,0,1,1,0,00,0,00,11,11,11,0,0,0,0,0,0,96,0,IDLE,0,0
1730,87,0,1,1,0,00,0,00,11,11,11,0,0,0,0,0,0,94,0,IDLE,0,0
1830,92,0,1,1,0,00,0,00,11,11,11,0,0,0,0,0,0,92,0,IDLE,0,0
1930,97,0,1,1,0,00,0,00,11,11,11,0,0,0,0,0,0,90,0,IDLE,0,0
2030,102,0,1,1,0,00,0,00,01,11,11,0,0,0,0,0,0,88,0,IDLE,0,0
2130,107,0,1,1,0,00,0,00,01,11,11,0,0,0,0,0,0,86,0,IDLE,0,0
2150,108,0,1,1,0,00,0,00,01,01,11,0,0,0,0,0,0,86,0,IDLE,0,0
2220,111,0,1,0,0,00,0,00,01,01,11,0,0,0,0,0,0,86,0,IDLE,0,0
2240,112,1,1,0,0,00,0,00,01,01,11,0,0,0,0,0,0,86,0,IDLE,0,0
2250,113,1,1,0,0,00,0,00,00,00,00,0,0,0,0,0,0,0,0,IDLE,0,0
2260,113,0,1,0,0,00,0,00,00,00,00,0,0,0,0,0,0,0,0,IDLE,0,0
2370,119,0,1,0,0,00,0,00,00,00,11,0,0,0,0,0,0,0,0,IDLE,1,0
2390,120,0,1,0,0,00,0,00,00,00,11,1,0,1,0,0,0,0,0,WAIT_RESPONSE,0,0
2500,125,0,1,0,0,11,0,00,11,00,11,1,0,1,0,0,0,0,0,WAIT_RESPONSE,0,0
2540,127,0,1,0,0,00,0,00,00,00,11,1,0,1,0,0,0,0,0,WAIT_RESPONSE,0,0
3670,184,0,1,0,0,00,0,00,00,00,11,1,0,0,1,0,0,0,0,WAIT_RESPONSE,0,0
3690,185,0,1,0,0,00,0,00,00,00,11,0,0,0,0,1,1,0,0,PROTECTED,0,1
3700,185,0,1,1,0,00,0,00,00,00,11,0,0,0,0,1,1,0,0,PROTECTED,0,1
5080,254,0,1,1,1,00,0,00,00,00,11,0,0,0,0,1,1,0,0,PROTECTED,0,1
5090,255,0,1,1,1,00,0,00,00,00,11,0,0,0,0,0,0,0,0,IDLE,1,0
5100,255,0,1,1,0,00,0,00,00,00,11,0,0,0,0,0,0,0,0,IDLE,1,0
5110,256,0,1,1,0,00,0,00,00,00,11,1,1,1,0,0,0,0,0,WAIT_RESPONSE,0,0
5150,258,0,1,1,0,00,0,00,00,00,11,1,1,1,0,0,0,10,0,WAIT_RESPONSE,0,0
5250,263,0,1,1,0,00,0,00,00,00,11,1,1,1,0,0,0,20,0,WAIT_RESPONSE,0,0
5350,268,0,1,1,0,00,0,00,01,00,11,1,1,1,0,0,0,30,0,WAIT_RESPONSE,0,0
5450,273,0,1,1,0,00,0,00,01,00,11,1,1,1,0,0,0,40,0,WAIT_RESPONSE,0,0
5470,274,0,1,1,0,00,0,00,01,01,11,1,1,1,0,0,0,40,0,WAIT_RESPONSE,0,1
5490,275,0,1,1,0,00,0,00,01,01,11,1,1,0,0,0,0,40,0,FILLING,0,1
5550,278,0,1,1,0,00,0,00,01,01,11,1,1,0,0,0,0,50,0,FILLING,0,1
5650,283,0,1,1,0,00,0,00,01,01,11,1,1,0,0,0,0,60,0,FILLING,0,1
5750,288,0,1,1,0,00,0,00,01,01,11,1,1,0,0,0,0,70,0,FILLING,0,1
5850,293,0,1,1,0,00,0,00,01,01,11,1,1,0,0,0,0,80,0,FILLING,0,1
5950,298,0,1,1,0,00,0,00,11,01,11,1,1,0,0,0,0,90,0,FILLING,0,1
6050,303,0,1,1,0,00,0,00,11,01,11,1,1,0,0,0,0,100,0,FILLING,0,1
6070,304,0,1,1,0,00,0,00,11,11,11,1,1,0,0,0,0,100,0,FILLING,0,1
6090,305,0,1,1,0,00,0,00,11,11,11,0,0,0,0,0,0,100,0,IDLE,0,0
6100,305,0,1,0,0,00,1,00,00,11,11,0,0,0,0,0,0,100,0,IDLE,0,0
6120,306,1,1,0,0,00,1,00,00,11,11,0,0,0,0,0,0,100,0,IDLE,0,0
6130,307,1,1,0,0,00,1,00,00,00,00,0,0,0,0,0,0,0,0,IDLE,0,0
6140,307,0,1,0,0,00,1,00,00,00,00,0,0,0,0,0,0,0,0,IDLE,0,0
6250,313,0,1,0,0,00,1,00,00,00,11,0,0,0,0,0,0,0,0,IDLE,1,0
6270,314,0,1,0,0,00,1,00,00,00,11,1,0,1,0,0,0,0,0,WAIT_RESPONSE,0,0
6440,322,1,1,0,0,00,1,00,00,00,11,1,0,1,0,0,0,0,0,WAIT_RESPONSE,0,0
6450,323,1,1,0,0,00,1,00,00,00,00,0,0,0,0,0,0,0,0,IDLE,0,0
6460,323,0,1,0,0,00,1,00,00,00,00,0,0,0,0,0,0,0,0,IDLE,0,0
6570,329,0,1,0,0,00,1,00,00,00,11,0,0,0,0,0,0,0,0,IDLE,1,0
6590,330,0,1,0,0,00,1,00,00,00,11,1,0,1,0,0,0,0,0,WAIT_RESPONSE,0,0
7870,394,0,1,0,0,00,1,00,00,00,11,1,0,0,1,0,0,0,0,WAIT_RESPONSE,0,0
7890,395,0,1,0,0,00,1,00,00,00,11,0,0,0,0,1,1,0,0,PROTECTED,0,1
7900,395,1,1,0,0,00,1,00,00,00,11,0,0,0,0,1,1,0,0,PROTECTED,0,1
7910,396,1,1,0,0,00,1,00,00,00,00,0,0,0,0,0,0,0,0,IDLE,0,0
7920,396,0,1,0,0,00,1,00,00,00,00,0,0,0,0,0,0,0,0,IDLE,0,0
8030,402,0,1,0,0,00,1,00,00,00,11,0,0,0,0,0,0,0,0,IDLE,1,0
8050,403,0,1,0,0,00,1,00,00,00,11,1,0,1,0,0,0,0,0,WAIT_RESPONSE,0,0
8060,403,0,1,0,0,00,1,01,01,00,11,1,0,1,0,0,0,0,0,WAIT_RESPONSE,0,0
8170,409,0,1,0,0,00,1,01,01,01,11,1,0,1,0,0,0,0,0,WAIT_RESPONSE,0,1
8190,410,0,1,0,0,00,1,01,01,01,11,1,0,0,0,0,0,0,0,FILLING,0,1
8200,410,1,1,0,0,00,1,01,01,01,11,1,0,0,0,0,0,0,0,FILLING,0,1
8210,411,1,1,0,0,00,1,01,01,00,00,0,0,0,0,0,0,0,0,IDLE,0,0
8220,411,0,1,0,0,00,1,01,01,00,00,0,0,0,0,0,0,0,0,IDLE,0,0
8330,417,0,1,0,0,00,1,01,01,01,11,0,0,0,0,0,0,0,0,IDLE,0,0
8360,418,0,1,0,0,00,1,00,00,01,11,0,0,0,0,0,0,0,0,IDLE,0,0
8380,419,1,1,0,0,00,1,00,00,01,11,0,0,0,0,0,0,0,0,IDLE,0,0
8390,420,1,1,0,0,00,1,00,00,00,00,0,0,0,0,0,0,0,0,IDLE,0,0
8400,420,0,1,0,0,00,1,00,00,00,00,0,0,0,0,0,0,0,0,IDLE,0,0
8510,426,0,1,0,0,00,1,00,00,00,11,0,0,0,0,0,0,0,0,IDLE,1,0
8530,427,0,1,0,0,00,1,00,00,00,11,1,0,1,0,0,0,0,0,WAIT_RESPONSE,0,0
9700,485,0,1,0,0,00,1,11,11,00,11,1,0,1,0,0,0,0,0,WAIT_RESPONSE,0,0
9810,491,0,1,0,0,00,1,11,11,11,11,1,0,0,1,0,0,0,0,WAIT_RESPONSE,0,1
9830,492,0,1,0,0,00,1,11,11,11,11,0,0,0,0,0,0,0,0,IDLE,0,0
9840,492,0,1,0,0,00,1,00,00,11,11,0,0,0,0,0,0,0,0,IDLE,0,0
9860,493,1,1,0,0,00,1,00,00,11,11,0,0,0,0,0,0,0,0,IDLE,0,0
9870,494,1,1,0,0,00,1,00,00,00,00,0,0,0,0,0,0,0,0,IDLE,0,0
9880,494,0,1,0,0,00,1,00,00,00,00,0,0,0,0,0,0,0,0,IDLE,0,0
9990,500,0,1,0,0,00,1,00,00,00,11,0,0,0,0,0,0,0,0,IDLE,1,0
10010,501,0,1,0,0,00,1,00,00,00,11,1,0,1,0,0,0,0,0,WAIT_RESPONSE,0,0
11180,559,0,1,0,0,00,1,01,01,00,11,1,0,1,0,0,0,0,0,WAIT_RESPONSE,0,0
11290,565,0,1,0,0,00,1,01,01,01,11,1,0,0,1,0,0,0,0,WAIT_RESPONSE,0,1
11310,566,0,1,0,0,00,1,01,01,01,11,1,0,0,0,0,0,0,0,FILLING,0,1
11400,570,0,1,0,0,00,1,10,10,01,11,1,0,0,0,0,0,0,0,FILLING,0,1
11510,576,0,1,0,0,00,1,10,10,10,11,1,0,0,0,0,0,0,0,FILLING,0,1
11530,577,0,1,0,0,00,1,10,10,10,11,0,0,0,0,0,0,0,0,IDLE,0,0
11540,577,1,1,0,0,00,1,10,10,10,11,0,0,0,0,0,0,0,0,IDLE,0,0
11550,578,1,1,0,0,00,1,10,10,00,00,0,0,0,0,0,0,0,0,IDLE,0,0
11560,578,0,1,0,0,00,1,10,10,00,00,0,0,0,0,0,0,0,0,IDLE,0,0
11670,584,0,1,0,0,00,1,10,10,10,11,0,0,0,0,0,0,0,0,IDLE,0,0
11740,587,0,1,0,0,00,1,00,00,10,11,0,0,0,0,0,0,0,0,IDLE,0,0
11850,593,0,1,0,0,00,1,00,00,00,11,0,0,0,0,0,0,0,0,IDLE,1,0
11870,594,0,1,0,0,00,1,00,00,00,11,1,0,1,0,0,0,0,0,WAIT_RESPONSE,0,0
11880,594,0,1,0,0,00,1,10,10,00,11,1,0,1,0,0,0,0,0,WAIT_RESPONSE,0,0
11990,600,0,1,0,0,00,1,10,10,10,11,1,0,1,0,0,0,0,0,WAIT_RESPONSE,0,1
12010,601,0,1,0,0,00,1,10,10,10,11,0,0,0,0,0,0,0,0,IDLE,0,0
12020,601,0,1,0,0,00,1,00,00,10,11,0,0,0,0,0,0,0,0,IDLE,0,0
12130,607,0,1,0,0,00,1,00,00,00,11,0,0,0,0,0,0,0,0,IDLE,1,0
12150,608,0,1,0,0,00,1,00,00,00,11,1,0,1,0,0,0,0,0,WAIT_RESPONSE,0,0
12160,608,0,0,0,0,00,1,00,00,00,11,1,0,1,0,0,0,0,0,WAIT_RESPONSE,0,0
12170,609,0,0,0,0,00,1,00,00,00,00,0,0,0,0,0,0,0,0,IDLE,0,0
12220,611,0,1,0,0,00,1,00,00,00,00,0,0,0,0,0,0,0,0,IDLE,0,0
12330,617,0,1,0,0,00,1,00,00,00,11,0,0,0,0,0,0,0,0,IDLE,1,0
12350,618,0,1,0,0,00,1,00,00,00,11,1,0,1,0,0,0,0,0,WAIT_RESPONSE,0,0
13630,682,0,1,0,0,00,1,00,00,00,11,1,0,0,1,0,0,0,0,WAIT_RESPONSE,0,0
13650,683,0,1,0,0,00,1,00,00,00,11,0,0,0,0,1,1,0,0,PROTECTED,0,1
13660,683,0,0,0,0,00,1,00,00,00,11,0,0,0,0,1,1,0,0,PROTECTED,0,1
13670,684,0,0,0,0,00,1,00,00,00,00,0,0,0,0,0,0,0,0,IDLE,0,0
13671,684,0,0,0,0,00,1,00,00,00,00,0,0,0,0,0,0,0,1,IDLE,0,0
