time_ns,reset,enable,periodic_enable,cfg_period_cycles,periodic_tick,test_passed,active,captured_period,remaining
0.0,1,0,0,0,x,0,x,xxxxxxxx,xxxxxxxx
10.0,1,0,0,0,0,0,0,0,0
20.0,1,1,1,3,0,0,0,0,0
40.0,0,1,1,3,0,0,0,0,0
50.0,0,1,1,3,0,0,1,3,3
60.0,0,1,1,1,0,0,1,3,3
70.0,0,1,1,1,0,0,1,3,2
90.0,0,1,1,1,0,0,1,3,1
110.0,0,1,1,1,1,0,1,3,3
130.0,0,1,1,1,0,0,1,3,2
150.0,0,1,1,1,0,0,1,3,1
170.0,0,1,1,1,1,0,1,3,3
190.0,0,1,1,1,0,0,1,3,2
210.0,0,1,1,1,0,0,1,3,1
230.0,0,1,1,1,1,0,1,3,3
250.0,0,1,1,1,0,0,1,3,2
270.0,0,1,1,1,0,0,1,3,1
280.0,0,1,0,3,0,0,1,3,1
290.0,0,1,0,3,0,0,0,0,0
300.0,0,1,0,2,0,0,0,0,0
320.0,0,1,1,2,0,0,0,0,0
330.0,0,1,1,2,0,0,1,2,2
350.0,0,1,1,2,0,0,1,2,1
370.0,0,1,1,2,1,0,1,2,2
390.0,0,1,1,2,0,0,1,2,1
400.0,0,0,1,2,0,0,1,2,1
410.0,0,0,1,2,0,0,0,0,0
420.0,0,0,1,0,0,0,0,0,0
440.0,0,1,1,0,0,0,0,0,0
450.0,0,1,1,0,0,0,1,1,1
460.0,0,1,1,7,0,0,1,1,1
470.0,0,1,1,7,1,0,1,1,1
540.0,1,1,1,4,1,0,1,1,1
550.0,1,1,1,4,0,0,0,0,0
560.0,0,1,1,4,0,0,0,0,0
570.0,0,1,1,4,0,0,1,4,4
590.0,0,1,1,4,0,0,1,4,3
610.0,0,1,1,4,0,0,1,4,2
620.0,0,1,0,1,0,0,1,4,2
630.0,0,1,0,1,0,0,0,0,0
640.0,0,1,1,1,0,0,0,0,0
650.0,0,1,1,1,0,0,1,1,1
670.0,0,1,1,1,1,0,1,1,1
700.0,0,1,0,1,1,0,1,1,1
710.0,0,1,0,1,0,0,0,0,0
711.0,0,1,0,1,0,1,0,0,0
