time_ns,reset,enable,periodic_enable,cfg_period_cycles,periodic_tick,test_passed,timer_start,timer_cancel,cfg_timer_cycles,timer_busy,timer_done,sensor_in,sensor_debounced,sensor_valid,active,captured_period,remaining
1510.0,0,1,0,0,0,0,0,0,1,0,0,3,3,3,0,0,0
1940.0,1,1,0,4,0,0,0,0,0,0,0,0,3,3,0,0,0
1950.0,1,1,0,4,0,0,0,0,0,0,0,0,0,0,0,0,0
1960.0,0,1,1,4,0,0,1,0,12,0,0,3,0,0,0,0,0
1970.0,0,1,1,4,0,0,1,0,12,1,0,3,0,0,1,4,4
1980.0,0,1,1,2,0,0,0,0,1,1,0,2,0,0,1,4,4
1990.0,0,1,1,2,0,0,0,0,1,1,0,2,0,0,1,4,3
2000.0,0,1,1,2,0,0,1,0,1,1,0,3,0,0,1,4,3
2010.0,0,1,1,2,0,0,1,0,1,1,0,3,0,0,1,4,2
2020.0,0,1,1,2,0,0,0,0,1,1,0,2,0,0,1,4,2
2030.0,0,1,1,2,0,0,0,0,1,1,0,2,0,0,1,4,1
2040.0,0,1,1,2,0,0,0,0,1,1,0,3,0,0,1,4,1
2050.0,0,1,1,2,1,0,0,0,1,1,0,3,0,0,1,4,4
2060.0,0,1,1,2,1,0,0,0,1,1,0,2,0,0,1,4,4
2070.0,0,1,1,2,0,0,0,0,1,1,0,2,2,2,1,4,3
2080.0,0,1,1,2,0,0,0,1,1,1,0,3,2,2,1,4,3
2090.0,0,1,1,2,0,0,0,1,1,0,0,3,2,2,1,4,2
2100.0,0,1,1,2,0,0,0,0,1,0,0,2,2,2,1,4,2
2110.0,0,1,1,2,0,0,0,0,1,0,0,2,2,2,1,4,1
2120.0,0,1,1,2,0,0,1,0,8,0,0,3,2,2,1,4,1
2130.0,0,1,1,2,1,0,1,0,8,1,0,3,2,2,1,4,4
2140.0,0,1,1,2,1,0,0,0,1,1,0,2,2,2,1,4,4
2150.0,0,1,1,2,0,0,0,0,1,1,0,2,2,2,1,4,3
2160.0,0,1,1,2,0,0,0,0,1,1,0,3,2,2,1,4,3
2170.0,0,1,1,2,0,0,0,0,1,1,0,3,2,2,1,4,2
2180.0,0,1,1,2,0,0,0,0,1,1,0,2,2,2,1,4,2
2190.0,0,1,1,2,0,0,0,0,1,1,0,2,2,2,1,4,1
2200.0,0,1,1,2,0,0,0,0,1,1,0,3,2,2,1,4,1
2210.0,0,1,1,2,1,0,0,0,1,1,0,3,2,2,1,4,4
2220.0,0,1,1,2,1,0,0,0,1,1,0,2,2,2,1,4,4
2230.0,0,1,1,2,0,0,0,0,1,1,0,2,2,2,1,4,3
2240.0,0,1,1,2,0,0,0,0,1,1,0,3,2,2,1,4,3
2250.0,0,1,1,2,0,0,0,0,1,1,0,3,2,2,1,4,2
2260.0,0,1,1,2,0,0,0,0,1,1,0,2,2,2,1,4,2
2270.0,0,1,1,2,0,0,0,0,1,1,0,2,2,2,1,4,1
2280.0,0,1,1,2,0,0,0,0,1,1,0,3,2,2,1,4,1
2290.0,0,1,1,2,1,0,0,0,1,0,1,3,2,2,1,4,4
2300.0,0,1,0,3,1,0,1,0,9,0,1,0,2,2,1,4,4
2310.0,0,1,0,3,0,0,1,0,9,1,0,0,2,2,0,0,0
2320.0,0,1,0,3,0,0,0,0,1,1,0,0,2,2,0,0,0
2340.0,0,1,1,3,0,0,0,0,1,1,0,0,2,2,0,0,0
2350.0,0,1,1,3,0,0,0,0,1,1,0,0,2,2,1,3,3
2370.0,0,1,1,3,0,0,0,0,1,1,0,0,2,2,1,3,2
2390.0,0,1,1,3,0,0,0,0,1,1,0,0,2,2,1,3,1
2410.0,0,1,1,3,1,0,0,0,1,1,0,0,0,3,1,3,3
2430.0,0,1,1,3,0,0,0,0,1,1,0,0,0,3,1,3,2
2450.0,0,1,1,3,0,0,0,0,1,1,0,0,0,3,1,3,1
2470.0,0,1,1,3,1,0,0,0,1,1,0,0,0,3,1,3,3
2490.0,0,1,1,3,0,0,0,0,1,0,1,0,0,3,1,3,2
2510.0,0,1,1,3,0,0,0,0,1,0,0,0,0,3,1,3,1
2520.0,1,1,1,3,0,0,0,0,0,0,0,0,0,3,1,3,1
2530.0,1,1,1,3,0,0,0,0,0,0,0,0,0,0,0,0,0
2540.0,0,1,1,3,0,0,1,0,10,0,0,3,0,0,0,0,0
2550.0,0,1,1,3,0,0,1,0,10,1,0,3,0,0,1,3,3
2560.0,0,1,1,3,0,0,0,0,10,1,0,3,0,0,1,3,3
2570.0,0,1,1,3,0,0,0,0,10,1,0,3,0,0,1,3,2
2590.0,0,1,1,3,0,0,0,0,10,1,0,3,0,0,1,3,1
2600.0,0,0,1,3,0,0,1,0,10,1,0,3,0,0,1,3,1
2610.0,0,0,1,3,0,0,1,0,10,0,0,3,0,0,0,0,0
2620.0,0,1,1,2,0,0,0,0,10,0,0,3,0,0,0,0,0
2630.0,0,1,1,2,0,0,0,0,10,0,0,3,0,0,1,2,2
2650.0,0,1,1,2,0,0,0,0,10,0,0,3,0,0,1,2,1
2670.0,0,1,1,2,1,0,0,0,10,0,0,3,0,0,1,2,2
2690.0,0,1,1,2,0,0,0,0,10,0,0,3,0,0,1,2,1
2710.0,0,1,1,2,1,0,0,0,10,0,0,3,0,0,1,2,2
2730.0,0,1,1,2,0,0,0,0,10,0,0,3,3,3,1,2,1
2750.0,0,1,1,2,1,0,0,0,10,0,0,3,3,3,1,2,2
2760.0,1,1,1,2,1,0,0,0,0,0,0,0,3,3,1,2,2
2770.0,1,1,1,2,0,0,0,0,0,0,0,0,0,0,0,0,0
2780.0,0,1,1,2,0,0,1,0,2,0,0,0,0,0,0,0,0
2790.0,0,1,1,2,0,0,1,0,2,1,0,0,0,0,1,2,2
2800.0,0,1,1,2,0,0,0,0,2,1,0,0,0,0,1,2,2
2810.0,0,1,1,2,0,0,0,0,2,1,0,0,0,0,1,2,1
2820.0,1,1,1,0,0,0,1,0,2,1,0,0,0,0,1,2,1
2830.0,1,1,1,0,0,0,1,0,2,0,0,0,0,0,0,0,0
2840.0,0,1,1,0,0,0,0,0,2,0,0,0,0,0,0,0,0
2850.0,0,1,1,0,0,0,0,0,2,0,0,0,0,0,1,1,1
2860.0,0,1,1,5,0,0,0,0,2,0,0,0,0,0,1,1,1
2870.0,0,1,1,5,1,0,0,0,2,0,0,0,0,0,1,1,1
2931.0,0,1,1,5,1,1,0,0,2,0,0,0,0,0,1,1,1
