time_ns,reset,enable,periodic_enable,cfg_period_cycles,periodic_tick,test_passed,case_id,consumer_count,checker_errors,active,captured_period,remaining
640.0,1,0,0,3,0,0,2,0,0,0,0,0
660.0,0,1,1,3,0,0,2,0,0,0,0,0
670.0,0,1,1,3,0,0,2,0,0,1,3,3
680.0,0,1,1,4,0,0,2,0,0,1,3,3
690.0,0,1,1,4,0,0,2,0,0,1,3,2
700.0,0,1,1,5,0,0,2,0,0,1,3,2
710.0,0,1,1,5,0,0,2,0,0,1,3,1
720.0,0,1,1,6,0,0,2,0,0,1,3,1
730.0,0,1,1,6,1,0,2,0,0,1,3,3
740.0,0,1,1,7,1,0,2,0,0,1,3,3
750.0,0,1,1,7,0,0,2,1,0,1,3,2
760.0,0,1,1,8,0,0,2,1,0,1,3,2
770.0,0,1,1,8,0,0,2,1,0,1,3,1
780.0,0,1,1,9,0,0,2,1,0,1,3,1
790.0,0,1,1,9,1,0,2,1,0,1,3,3
800.0,0,1,1,10,1,0,2,1,0,1,3,3
810.0,0,1,1,10,0,0,2,2,0,1,3,2
820.0,0,1,1,11,0,0,2,2,0,1,3,2
830.0,0,1,1,11,0,0,2,2,0,1,3,1
840.0,0,1,1,12,0,0,2,2,0,1,3,1
850.0,0,1,1,12,1,0,2,2,0,1,3,3
860.0,0,1,1,13,1,0,2,2,0,1,3,3
870.0,0,1,1,13,0,0,2,3,0,1,3,2
880.0,0,1,0,0,0,0,2,3,0,1,3,2
890.0,0,1,0,0,0,0,2,0,0,0,0,0
